Name,Email,DateOfBirth,Height,Weight
Micaela Hudghton,mhudghton0@jalbum.net,16/11/1996,1.85,49.8
Orelle Roja,oroja1@rakuten.co.jp,8/2/1996,2.0,62.1
Maressa Petry,mpetry2@whitehouse.gov,5/5/1998,1.42,79.4
Justino Schuh,jschuh3@uol.com.br,24/5/1998,1.57,48.4
Orelie Datte,odatte4@irs.gov,12/12/1999,1.73,84.7
Yehudi Slott,yslott5@rakuten.co.jp,26/8/1999,1.65,62.1
Anne Borgars,aborgars6@skype.com,25/7/1996,1.58,47.4
Terry Wegenen,twegenen7@unesco.org,27/8/1999,1.8,95.5
Lars Debrett,ldebrett8@bandcamp.com,30/9/1997,1.78,44.3
Caryl Spacey,cspacey9@webmd.com,10/8/1998,1.47,61.3
Wright Walles,wwallesa@rakuten.co.jp,1/3/1999,1.79,72.2
Kellen Perot,kperotb@unicef.org,25/7/1995,1.81,38.3
Orton Angrick,oangrickc@telegraph.co.uk,12/9/1998,1.93,70.9
Linnet Heinsen,lheinsend@vimeo.com,18/11/1997,1.91,64.0
Moyra Manna,mmannae@hatena.ne.jp,1/3/1998,1.74,46.2
Faina Pembery,fpemberyf@chicagotribune.com,26/9/1996,1.69,97.7
Kiel Weatherdon,kweatherdong@msu.edu,25/12/1996,2.05,78.1
Giusto Chapelhow,gchapelhowh@networksolutions.com,4/6/1998,1.6,69.3
Doreen Gauntley,dgauntleyi@nydailynews.com,23/11/1997,1.7,81.2
York Hackworth,yhackworthj@histats.com,31/7/1999,1.41,54.7
Eryn Conaghy,econaghyk@edublogs.org,14/12/1996,2.0,63.7
Dannel Arbon,darbonl@goo.gl,19/8/1998,2.04,63.7
Nickie Quesne,nquesnem@naver.com,31/7/1999,1.65,67.2
Tuckie Valero,tvaleron@yahoo.com,20/7/1995,1.75,97.3
Elsinore Essex,eessexo@nasa.gov,17/11/1996,2.02,48.4
Lutero Keywood,lkeywoodp@yolasite.com,13/7/1997,1.76,65.5
Kirbee Filippazzo,kfilippazzoq@cbslocal.com,11/9/1998,1.67,60.5
Haily Drillingcourt,hdrillingcourtr@google.ru,29/7/1998,1.61,83.1
Nanni Berkeley,nberkeleys@nymag.com,8/8/1995,1.74,52.6
Natalya Sharland,nsharlandt@domainmarket.com,20/12/1999,1.54,44.7
Cicily Del Monte,cdelu@ifeng.com,22/7/1997,1.84,80.6
Price Mum,pmumv@guardian.co.uk,1/9/1997,1.83,40.6
Juliette Oattes,joattesw@nationalgeographic.com,12/9/1997,1.88,59.8
Gun Ramel,gramelx@example.com,6/11/1995,1.88,43.0
Jennine Peattie,jpeattiey@bbc.co.uk,1/10/1996,1.85,22.4
Ardella Shrimptone,ashrimptonez@wikia.com,19/9/1998,1.7,80.0
Archaimbaud Millott,amillott10@uiuc.edu,27/2/1999,1.9,58.4
Amalle Turmall,aturmall11@issuu.com,11/5/1997,1.87,59.2
Wynn Cyson,wcyson12@icq.com,4/9/1996,1.7,60.7
Gideon Kleiser,gkleiser13@yolasite.com,19/10/1996,1.64,90.4
Joey Rossi,jrossi14@sakura.ne.jp,5/4/1996,2.06,87.4
Minta Lyptratt,mlyptratt15@msu.edu,3/3/1997,1.61,96.7
Irina Pittock,ipittock16@foxnews.com,19/12/1999,1.86,95.3
Dal Mangenet,dmangenet17@hexun.com,26/9/1996,1.77,68.0
Isac Kenewel,ikenewel18@prlog.org,24/9/1996,1.84,78.8
Glenine Haberfield,ghaberfield19@walmart.com,2/9/1996,1.5,47.7
Anita Immings,aimmings1a@slashdot.org,6/11/1995,1.84,51.6
Maureen Ferrarini,mferrarini1b@technorati.com,2/3/2000,1.87,66.9
Kaylyn Tabert,ktabert1c@t-online.de,17/3/1999,1.33,34.7
Josefina Baldick,jbaldick1d@printfriendly.com,4/10/1997,1.94,91.7
Matty Zeplin,mzeplin1e@businesswire.com,28/3/1998,1.64,80.4
Tabitha Ludlom,tludlom1f@weibo.com,2/7/1997,1.76,76.3
Etty Purveys,epurveys1g@ft.com,12/2/1999,1.83,74.2
Gilda Bates,gbates1h@japanpost.jp,5/11/1999,1.5,64.8
Whittaker Barnardo,wbarnardo1i@unesco.org,24/3/1999,1.76,51.8
Cele Wolfendell,cwolfendell1j@theatlantic.com,13/12/1996,1.46,59.2
Tarah Terrey,tterrey1k@rediff.com,24/2/1996,1.81,63.5
Alaster Le Port,ale1l@fastcompany.com,26/6/1998,1.47,47.4
Claudie Quade,cquade1m@washington.edu,1/12/1995,1.9,59.9
Dayle Gosalvez,dgosalvez1n@mail.ru,13/10/1997,1.85,47.6
Carie Sinclar,csinclar1o@fotki.com,16/12/1997,1.98,75.7
Nicolai Aggott,naggott1p@phpbb.com,12/2/1998,1.51,29.4
Everard Gregorin,egregorin1q@wikia.com,3/11/1997,1.67,73.4
Tammi Ladlow,tladlow1r@photobucket.com,19/10/1995,1.88,66.6
Laurence Todeo,ltodeo1s@1und1.de,30/5/1995,1.69,40.3
Trula Yurukhin,tyurukhin1t@studiopress.com,4/10/1999,1.99,44.0
Jeffie Lean,jlean1u@umich.edu,28/4/2000,1.74,46.9
Maribel Grishukhin,mgrishukhin1v@quantcast.com,8/11/1998,1.46,52.4
Audrey Arington,aarington1w@ameblo.jp,25/4/1996,1.55,64.8
Nicky Haw,nhaw1x@tripadvisor.com,3/2/1999,2.06,25.4
Gustav Learmouth,glearmouth1y@artisteer.com,2/4/2000,1.88,108.9
Ange Precious,aprecious1z@hatena.ne.jp,13/9/1997,1.68,50.6
Dollie Wyon,dwyon20@nature.com,16/7/1998,1.87,72.1
Rakel Pollins,rpollins21@independent.co.uk,14/2/1999,1.85,72.1
Leoine Timewell,ltimewell22@hubpages.com,27/6/1997,1.51,89.5
Augustus Puve,apuve23@cornell.edu,4/2/1998,1.88,41.8
Iosep Dorrins,idorrins24@vk.com,2/12/1995,1.53,92.9
Donia Belleny,dbelleny25@buzzfeed.com,30/1/2000,1.66,71.3
Dorthy Ellin,dellin26@state.tx.us,26/3/1998,1.67,95.7
Iver Thurlby,ithurlby27@51.la,9/4/1997,1.65,76.5
Ingamar Miebes,imiebes28@wix.com,18/7/1997,1.55,47.4
Leena Turbitt,lturbitt29@dion.ne.jp,11/3/1998,1.68,95.7
Flossi Porker,fporker2a@purevolume.com,12/1/1996,1.42,51.2
Lynnett Hanley,lhanley2b@nationalgeographic.com,6/12/1999,1.45,60.4
Penny Gomar,pgomar2c@globo.com,19/6/1999,1.8,91.5
Moe Wellum,mwellum2d@qq.com,16/8/1999,1.9,85.9
Jyoti Brendeke,jbrendeke2e@forbes.com,18/4/2000,1.34,56.5
Randy Gouley,rgouley2f@about.me,28/4/2000,1.95,61.1
Cal McAvinchey,cmcavinchey2g@jiathis.com,20/8/1999,1.88,58.2
Auguste Creffield,acreffield2h@amazon.co.uk,8/8/1997,2.0,67.8
Lillis Hockell,lhockell2i@washington.edu,7/10/1999,1.7,105.4
Brodie Castree,bcastree2j@upenn.edu,13/12/1998,1.67,74.2
Arthur Gridon,agridon2k@de.vu,22/1/1998,1.86,55.0
Dulcy Dehmel,ddehmel2l@noaa.gov,27/3/1998,1.89,80.7
Carmen Witherspoon,cwitherspoon2m@canalblog.com,5/7/1999,1.68,34.8
Rey Shufflebotham,rshufflebotham2n@usnews.com,8/6/1998,1.5,61.6
Waldon Legion,wlegion2o@independent.co.uk,28/10/1998,1.86,90.1
Rhoda Kyrkeman,rkyrkeman2p@list-manage.com,12/12/1997,1.67,84.0
Luther O'Crigan,locrigan2q@w3.org,3/2/1997,2.06,90.4
Ginevra McKirdy,gmckirdy2r@jiathis.com,18/3/2000,2.18,61.4
Georgina Tripe,gtripe2s@mapquest.com,14/3/1998,1.7,73.9
Worden Bolan,wbolan2t@icio.us,28/7/1999,1.69,48.5
Sharline Avrahamoff,savrahamoff2u@patch.com,6/7/1999,1.81,61.9
Penelope Wailes,pwailes2v@drupal.org,8/1/1996,1.97,65.0
Domini Prangley,dprangley2w@yale.edu,11/8/1999,1.89,74.3
Kennedy Scraney,kscraney2x@123-reg.co.uk,29/12/1995,1.97,41.7
Jasun Riggoll,jriggoll2y@liveinternet.ru,6/8/1995,2.23,71.5
Lynette Hriinchenko,lhriinchenko2z@shutterfly.com,22/11/1998,1.94,91.7
Benedetto Parfrey,bparfrey30@ft.com,14/7/1997,1.46,33.6
Quintus Pamphilon,qpamphilon31@unblog.fr,28/9/1997,1.63,63.0
Amery Rampling,arampling32@google.com.hk,28/3/1997,1.5,72.3
Hedvige Chasle,hchasle33@amazonaws.com,25/2/1999,1.67,107.4
Hephzibah Kaley,hkaley34@mlb.com,9/8/1996,2.02,103.6
Marcia Madge,mmadge35@liveinternet.ru,7/10/1996,1.54,76.5
Mahala Boultwood,mboultwood36@hibu.com,2/6/1997,1.68,19.3
Quentin McCormick,qmccormick37@icq.com,2/11/1998,1.97,48.3
Sue Keune,skeune38@123-reg.co.uk,21/4/1996,1.78,37.6
Humberto Pearch,hpearch39@ox.ac.uk,13/2/2000,1.98,68.5
Jacenta Tizzard,jtizzard3a@reuters.com,30/9/1996,1.83,69.1
Toma Scantlebury,tscantlebury3b@nyu.edu,9/4/1999,1.18,78.5
Chester Albasiny,calbasiny3c@parallels.com,5/7/1995,2.13,63.0
Malvina Schiersch,mschiersch3d@ustream.tv,1/11/1998,1.83,79.6
Barbee Beller,bbeller3e@mlb.com,29/7/1997,2.17,51.4
Gerri Mew,gmew3f@dmoz.org,5/4/1999,1.72,62.1
Gloriana Sigert,gsigert3g@ning.com,22/9/1995,1.57,43.0
Robinetta Duce,rduce3h@mapquest.com,25/12/1997,1.63,65.7
Aurelea Jeavon,ajeavon3i@usgs.gov,30/4/1998,1.99,72.6
Ailbert Valsler,avalsler3j@cyberchimps.com,17/7/1995,1.47,41.0
Amandie Kermode,akermode3k@irs.gov,6/2/2000,2.08,90.7
Yank Edds,yedds3l@feedburner.com,2/12/1999,1.74,75.5
Flint Sans,fsans3m@skyrock.com,19/9/1995,1.87,68.4
Marylin Pulster,mpulster3n@geocities.com,24/12/1995,1.87,66.4
Tallulah Rea,trea3o@webmd.com,8/9/1998,1.5,54.1
Daphne Capel,dcapel3p@bluehost.com,12/9/1997,1.78,46.0
Lucinda Genge,lgenge3q@sciencedirect.com,30/4/1996,1.4,76.7
Brian Erik,berik3r@wunderground.com,27/6/1997,1.74,78.4
Martyn Beckett,mbeckett3s@ed.gov,22/12/1997,2.09,28.0
Morena Martinson,mmartinson3t@redcross.org,29/5/1995,1.47,47.4
Chloette Grewer,cgrewer3u@phoca.cz,8/3/1997,1.51,78.7
Birgitta Flips,bflips3v@mediafire.com,31/7/1995,1.47,99.0
Hall Theobald,htheobald3w@umn.edu,6/7/1997,1.77,59.2
Tedman Fenech,tfenech3x@telegraph.co.uk,10/3/1997,1.73,67.3
Phip Piggot,ppiggot3y@livejournal.com,3/10/1998,1.58,58.2
Brandyn Hassekl,bhassekl3z@illinois.edu,26/5/1999,2.13,23.7
Lynnea Skittreal,lskittreal40@deviantart.com,23/4/1996,1.78,68.4
Audy Iacovino,aiacovino41@sitemeter.com,25/12/1998,1.51,65.8
Skippy Daffern,sdaffern42@mail.ru,11/10/1999,2.15,95.1
Isahella Pedron,ipedron43@dion.ne.jp,13/8/1998,1.75,73.4
Malinda Skellon,mskellon44@npr.org,8/1/1996,2.05,69.3
Lexi Denes,ldenes45@thetimes.co.uk,26/11/1995,1.9,58.8
Annie Goldsack,agoldsack46@techcrunch.com,21/7/1999,1.45,61.6
Lewiss Vickers,lvickers47@dropbox.com,30/10/1996,1.73,39.3
Waneta Haliburton,whaliburton48@baidu.com,18/6/1998,1.65,66.0
Giacobo Perkins,gperkins49@sakura.ne.jp,6/12/1998,2.22,78.9
Kirbie Werlock,kwerlock4a@oracle.com,20/11/1998,1.88,67.0
Salvatore Heffernon,sheffernon4b@wordpress.org,15/4/1998,1.96,29.7
Brynn Trippitt,btrippitt4c@dmoz.org,15/7/1999,1.83,48.2
Arlen Gentner,agentner4d@ehow.com,10/6/1996,1.63,49.3
Kristy Baudesson,kbaudesson4e@nydailynews.com,14/5/1996,2.0,53.8
Rice Oades,roades4f@indiegogo.com,2/4/1997,1.71,70.8
Rory Moysey,rmoysey4g@theglobeandmail.com,4/6/1999,1.66,68.5
Burr Gyde,bgyde4h@dailymail.co.uk,11/7/1999,2.14,63.5
Darya Gull,dgull4i@wufoo.com,1/11/1999,1.79,82.5
Dniren Chatt,dchatt4j@dot.gov,10/4/1997,1.27,52.4
Morissa Gotobed,mgotobed4k@cbslocal.com,23/12/1998,1.93,73.0
Addy Huygen,ahuygen4l@devhub.com,31/10/1996,1.94,76.7
Thea Westpfel,twestpfel4m@oracle.com,27/1/1997,1.54,81.7
Blanch Daws,bdaws4n@cargocollective.com,21/11/1996,1.78,92.2
Pris Churcher,pchurcher4o@deviantart.com,8/10/1995,2.02,75.7
Zorah Bremley,zbremley4p@merriam-webster.com,26/7/1996,2.02,90.2
Megen Earengey,mearengey4q@dell.com,28/5/1996,1.85,77.8
Trudey Beckingham,tbeckingham4r@booking.com,9/9/1998,1.61,65.1
Merwyn Kenningham,mkenningham4s@dyndns.org,27/2/1997,1.58,57.3
Kirstyn Keese,kkeese4t@opensource.org,21/1/2000,1.42,85.2
Gabrila Peachment,gpeachment4u@shareasale.com,25/11/1998,1.92,34.8
Wakefield Hanscome,whanscome4v@wix.com,30/6/1996,1.37,76.5
Ibby Dewick,idewick4w@psu.edu,5/10/1997,1.78,106.3
Monica Mudge,mmudge4x@alibaba.com,10/1/1997,1.6,118.4
Regan Tows,rtows4y@gnu.org,18/8/1995,2.07,61.9
Jesse Harker,jharker4z@infoseek.co.jp,28/11/1997,2.01,55.0
Gnni Presidey,gpresidey50@narod.ru,13/1/1997,1.82,90.1
Marina Cator,mcator51@epa.gov,1/2/1998,1.67,59.6
Fania Wickerson,fwickerson52@nhs.uk,3/8/1997,1.61,91.1
Joline Langran,jlangran53@alexa.com,5/6/1997,2.08,48.7
Bili Farnhill,bfarnhill54@oaic.gov.au,14/10/1996,1.81,66.6
Fedora Aleswell,faleswell55@narod.ru,6/4/2000,2.06,84.2
Ross Hamsher,rhamsher56@xing.com,23/7/1996,1.8,71.8
Rosabelle Deerness,rdeerness57@sun.com,25/4/1996,2.06,84.7
Lonnie Bernocchi,lbernocchi58@usatoday.com,15/6/1998,2.05,74.6
Cathryn Jorin,cjorin59@so-net.ne.jp,17/5/1999,1.71,52.7
Ariadne Belmont,abelmont5a@about.me,13/12/1998,1.64,57.3
Karrah Candey,kcandey5b@1und1.de,7/5/1997,1.61,94.6
Barbara-anne Paske,bpaske5c@ning.com,15/5/2000,1.61,74.3
Sibbie Andriulis,sandriulis5d@webnode.com,16/6/1997,1.79,70.8
Annemarie Chrippes,achrippes5e@sakura.ne.jp,10/8/1999,1.58,41.1
Blythe De Micoli,bde5f@cbslocal.com,19/6/1998,1.62,82.5
Raoul Hubach,rhubach5g@dell.com,7/10/1995,1.52,44.7
Audre Ferraron,aferraron5h@toplist.cz,22/1/1996,1.54,62.3
Alvera Sheere,asheere5i@e-recht24.de,26/7/1999,1.6,56.6
Samuel McGillivrie,smcgillivrie5j@goo.ne.jp,27/9/1997,1.63,71.7
Skippie Longthorne,slongthorne5k@is.gd,14/5/1999,1.69,62.1
Sebastien McLae,smclae5l@ft.com,17/1/1997,1.42,71.0
Levon Connelly,lconnelly5m@delicious.com,13/10/1999,1.91,58.7
Jyoti Earlam,jearlam5n@cnn.com,31/3/1996,1.54,57.2
Perle Geany,pgeany5o@mediafire.com,9/12/1997,1.43,74.1
Trudi Harrisson,tharrisson5p@quantcast.com,15/1/1999,2.05,55.9
Myrvyn Pergens,mpergens5q@histats.com,28/9/1997,1.73,53.4
Kaile Tunesi,ktunesi5r@ehow.com,21/4/2000,1.82,78.2
Ichabod Barczewski,ibarczewski5s@unblog.fr,8/9/1997,1.84,85.6
Baldwin Masding,bmasding5t@i2i.jp,30/7/1999,1.71,84.9
Mendy Bidgood,mbidgood5u@stumbleupon.com,30/9/1996,2.22,72.8
Amelina Meddick,ameddick5v@ehow.com,1/11/1997,2.17,1.7
Kacy Briamo,kbriamo5w@sfgate.com,4/12/1999,1.57,76.2
Brandi Butland,bbutland5x@51.la,25/11/1995,1.4,50.4
Lorelle Farady,lfarady5y@youtu.be,20/5/1998,1.56,47.8
Raffaello Barsby,rbarsby5z@epa.gov,6/10/1998,1.92,71.1
Cornell Flannery,cflannery60@cloudflare.com,22/4/1998,1.82,131.4
Eliot Yanshin,eyanshin61@fda.gov,28/8/1998,1.81,85.7
Jerry Braun,jbraun62@hubpages.com,2/7/1999,1.37,43.5
Kati Batty,kbatty63@baidu.com,16/8/1996,1.64,80.6
Douglass McVeigh,dmcveigh64@zimbio.com,26/4/1997,1.67,73.5
Ansel Betts,abetts65@liveinternet.ru,26/2/2000,1.47,87.2
Vito Lantiff,vlantiff66@ehow.com,16/2/2000,1.89,46.6
Cynthia Hellis,chellis67@engadget.com,18/4/1998,1.79,84.3
Jackson Maryin,jmaryin68@wiley.com,3/8/1998,1.57,85.0
Jenilee Indge,jindge69@sina.com.cn,17/2/1997,1.96,55.0
Dorey Micheli,dmicheli6a@wp.com,9/9/1996,1.15,55.1
Lorie Duligal,lduligal6b@mashable.com,6/9/1995,1.66,110.9
Llewellyn Shetliff,lshetliff6c@youku.com,18/4/1997,2.05,78.7
Ricky Pankhurst.,rpankhurst6d@deviantart.com,18/9/1995,1.6,54.7
Grissel Giamelli,ggiamelli6e@springer.com,2/5/1999,1.73,87.0
Coriss Surmeyers,csurmeyers6f@unc.edu,13/12/1998,1.69,77.5
Maible Kliemchen,mkliemchen6g@istockphoto.com,12/7/1997,1.77,32.8
Matty Billows,mbillows6h@behance.net,9/11/1996,1.83,75.3
Cordey Durn,cdurn6i@drupal.org,3/2/2000,1.79,65.5
Randell Lapslie,rlapslie6j@nih.gov,1/6/1997,1.6,55.1
Tess Wyborn,twyborn6k@phpbb.com,27/4/1998,2.0,59.8
Coraline Coudray,ccoudray6l@engadget.com,15/1/1996,1.79,56.3
Lishe McMaster,lmcmaster6m@ebay.co.uk,21/12/1997,1.63,97.2
Jesselyn Jaquet,jjaquet6n@studiopress.com,27/7/1995,1.87,56.2
Bridgette Blackstone,bblackstone6o@boston.com,27/4/1998,2.01,85.0
Zak Beach,zbeach6p@accuweather.com,2/2/2000,1.83,90.7
Merry Andreix,mandreix6q@vkontakte.ru,28/8/1999,1.73,48.1
Moss Mackney,mmackney6r@sfgate.com,26/12/1995,1.76,39.0
Berna Nelsey,bnelsey6s@cnbc.com,10/12/1998,1.98,65.5
Cybil Longcaster,clongcaster6t@berkeley.edu,14/4/1996,1.5,100.6
Calvin Wasmuth,cwasmuth6u@wordpress.com,3/3/1999,1.89,80.0
Joane Brikner,jbrikner6v@home.pl,31/12/1999,1.57,106.6
Auguste Yurtsev,ayurtsev6w@paginegialle.it,11/12/1997,1.41,65.4
Mar Novotna,mnovotna6x@nytimes.com,1/1/1997,1.64,126.2
Adelheid Mityukov,amityukov6y@rakuten.co.jp,2/10/1998,1.52,84.0
Nadean Willas,nwillas6z@typepad.com,11/8/1995,1.58,59.2
Tallou Southcombe,tsouthcombe70@ihg.com,1/3/2000,1.97,78.1
Isahella Dorricott,idorricott71@dagondesign.com,25/9/1998,1.78,76.5
Devonne Hitzmann,dhitzmann72@parallels.com,11/9/1996,1.78,43.4
Anita Lord,alord73@usgs.gov,30/5/1997,1.95,66.8
Sarette Pickthorne,spickthorne74@github.io,16/2/1999,1.46,58.6
Storm Biner,sbiner75@cmu.edu,6/3/1999,1.64,71.2
Debera Schukraft,dschukraft76@ibm.com,11/7/1995,1.84,98.7
Sophia Lujan,slujan77@devhub.com,11/1/1997,1.55,45.7
Brittney Bonafacino,bbonafacino78@cpanel.net,20/6/1999,1.51,92.7
Burton Lowe,blowe79@storify.com,25/11/1997,2.02,52.0
Darice Allston,dallston7a@cdbaby.com,1/10/1999,1.56,62.6
Efrem Perillo,eperillo7b@1688.com,27/7/1996,1.72,70.0
Arlene Starford,astarford7c@chronoengine.com,7/9/1999,1.58,62.6
Katleen Gwyneth,kgwyneth7d@wsj.com,21/11/1998,1.78,48.8
Julie Pointer,jpointer7e@creativecommons.org,8/6/1999,1.93,67.9
Dion Cocklie,dcocklie7f@kickstarter.com,25/10/1998,1.83,59.8
Tait Dowears,tdowears7g@zdnet.com,13/8/1995,1.63,36.8
Lindsay Milesop,lmilesop7h@simplemachines.org,9/6/1997,1.64,108.5
Somerset Elcy,selcy7i@sakura.ne.jp,15/3/2000,1.56,79.0
Ibby Eykel,ieykel7j@issuu.com,14/1/1998,1.95,36.4
Jeanne Crepin,jcrepin7k@telegraph.co.uk,28/4/1999,2.13,60.7
Findley Meddemmen,fmeddemmen7l@google.co.jp,30/4/1996,2.06,100.7
Jacquelin Gierke,jgierke7m@ameblo.jp,27/8/1998,1.81,86.6
Cherish Machon,cmachon7n@nsw.gov.au,21/6/1997,1.62,49.1
Maurita Brandts,mbrandts7o@reverbnation.com,23/10/1998,1.55,99.7
Kellyann Stollhofer,kstollhofer7p@toplist.cz,18/7/1998,1.47,82.8
Delmor Lammas,dlammas7q@quantcast.com,15/8/1996,1.74,55.4
Courtney Eastup,ceastup7r@who.int,17/9/1995,1.73,36.3
Cariotta Hourihan,chourihan7s@icq.com,5/6/1998,2.04,79.2
Carling Pikesley,cpikesley7t@scribd.com,9/9/1997,1.69,78.6
Lura Vynall,lvynall7u@ed.gov,12/7/1999,2.04,70.2
Mariette Crichmere,mcrichmere7v@zimbio.com,21/3/2000,1.96,38.7
Paulie Chazelle,pchazelle7w@dyndns.org,31/3/2000,1.91,71.1
Lona Dorran,ldorran7x@wordpress.org,5/5/2000,1.25,59.7
Guendolen Sidry,gsidry7y@state.tx.us,10/8/1997,2.09,81.4
Valina Wimlet,vwimlet7z@ft.com,24/7/1996,1.42,57.7
Oberon Benedit,obenedit80@biblegateway.com,20/8/1999,1.65,45.5
Sibella Bradane,sbradane81@wikispaces.com,25/10/1999,1.74,76.5
Felicia Ozintsev,fozintsev82@creativecommons.org,3/6/1996,1.49,44.7
Ethelbert Order,eorder83@nsw.gov.au,17/10/1997,1.96,81.6
Corbie Jon,cjon84@smugmug.com,9/5/1999,1.99,106.0
Reine Fryett,rfryett85@economist.com,30/7/1999,1.58,74.0
Eyde Smallman,esmallman86@sciencedaily.com,27/7/1995,2.09,93.7
Dennison Burkin,dburkin87@naver.com,26/9/1997,1.86,70.3
Jillene Tille,jtille88@adobe.com,4/8/1997,1.66,53.9
Shannen Petcher,spetcher89@ftc.gov,29/5/1999,1.86,51.9
Henrik Schenkel,hschenkel8a@mysql.com,15/11/1995,1.69,74.3
Lorrie Jindacek,ljindacek8b@live.com,26/1/1999,1.53,63.2
Franky Scaysbrook,fscaysbrook8c@twitpic.com,5/9/1996,1.63,71.1
Agneta Essame,aessame8d@furl.net,1/11/1995,1.61,49.2
Maddie Poston,mposton8e@howstuffworks.com,21/5/1995,1.53,57.8
Aldwin Kop,akop8f@about.com,10/12/1997,1.67,86.3
Harlene Rulton,hrulton8g@linkedin.com,16/6/1997,1.72,46.2
Christabella Behr,cbehr8h@123-reg.co.uk,3/1/1999,1.73,89.3
Monro Gailor,mgailor8i@java.com,22/5/1999,1.43,48.2
Angelico Portinari,aportinari8j@symantec.com,2/7/1995,1.58,82.6
Gael Branno,gbranno8k@histats.com,18/10/1995,1.7,99.1
Catlee Gaughan,cgaughan8l@loc.gov,16/1/1996,1.42,65.4
Rand Damiral,rdamiral8m@weibo.com,11/5/1999,1.84,92.2
Adrianna Clifford,aclifford8n@wisc.edu,19/11/1997,1.97,47.3
Burr Cabera,bcabera8o@newyorker.com,28/6/1995,1.66,43.1
Roanna Gianolo,rgianolo8p@omniture.com,14/2/2000,1.53,79.8
Adrien Corwin,acorwin8q@live.com,10/8/1998,2.07,67.8
Jakob Chance,jchance8r@nydailynews.com,24/2/2000,1.67,94.7
Thorny Covendon,tcovendon8s@hp.com,2/9/1995,1.45,82.8
Josy Phear,jphear8t@cyberchimps.com,2/2/1999,1.56,64.5
Beau Joplin,bjoplin8u@ebay.com,25/1/1999,1.78,85.4
Romonda Fellibrand,rfellibrand8v@illinois.edu,17/10/1999,1.66,110.6
Leslie Sibly,lsibly8w@columbia.edu,20/10/1996,1.22,58.1
Cristobal Mephan,cmephan8x@histats.com,12/12/1996,1.93,61.9
Demetrius Rammell,drammell8y@gnu.org,7/12/1997,1.53,43.1
Lisa Skermer,lskermer8z@statcounter.com,6/10/1999,1.92,54.2
Finn Robley,frobley90@nytimes.com,11/7/1995,1.24,71.1
Terrill Mariel,tmariel91@php.net,22/4/1998,1.85,86.3
Adan Largen,alargen92@cnet.com,8/8/1997,1.95,68.3
Amy Ronan,aronan93@google.co.jp,11/9/1997,2.21,52.9
Domenico Custance,dcustance94@mtv.com,10/1/2000,1.77,88.1
Jessika Pawlowicz,jpawlowicz95@posterous.com,7/1/1996,1.66,95.3
Lucas Stuehmeyer,lstuehmeyer96@alexa.com,16/12/1996,1.78,78.2
Gaston Priestland,gpriestland97@jigsy.com,1/1/2000,1.9,66.2
Madison Kemell,mkemell98@biglobe.ne.jp,6/2/1996,1.47,59.6
Conchita Cowie,ccowie99@exblog.jp,4/1/1999,1.59,68.6
Norah Jent,njent9a@bloglines.com,28/6/1997,1.89,95.4
Doria Bullerwell,dbullerwell9b@mayoclinic.com,5/3/2000,1.73,79.9
Derk De la croix,dde9c@baidu.com,2/11/1998,2.13,66.0
Harlie Engelbrecht,hengelbrecht9d@cbc.ca,23/2/2000,1.77,30.9
Shantee Mosley,smosley9e@opensource.org,6/8/1996,1.53,70.2
Lorilee Ribbens,lribbens9f@fastcompany.com,7/10/1999,1.64,75.2
Thaddeus Ludl,tludl9g@sciencedirect.com,23/10/1995,1.94,81.1
Lane Ablitt,lablitt9h@washington.edu,13/2/1996,1.85,36.8
Finlay Stanger,fstanger9i@tripadvisor.com,17/3/1997,1.82,52.8
Stormy MacAndie,smacandie9j@hhs.gov,18/2/1998,1.79,76.7
Honor Flucker,hflucker9k@slashdot.org,15/9/1996,1.77,67.4
Lexy Mitcheson,lmitcheson9l@slashdot.org,24/7/1999,1.86,49.3
Barnie Evers,bevers9m@cdc.gov,22/4/2000,1.52,47.8
Fielding Chawner,fchawner9n@slate.com,13/5/1997,1.69,41.9
Malanie O' Sullivan,mo9o@reddit.com,23/4/1997,1.51,38.9
Pierce Pethick,ppethick9p@w3.org,21/12/1995,1.92,72.7
Reeva Fearneley,rfearneley9q@so-net.ne.jp,28/11/1998,1.71,96.6
Edward Ninotti,eninotti9r@fda.gov,19/1/1999,1.59,89.7
Opal Cuniam,ocuniam9s@nasa.gov,17/12/1995,1.82,84.0
Desiree Brough,dbrough9t@psu.edu,18/2/1998,1.73,53.7
Wernher Ivimey,wivimey9u@ucla.edu,18/5/1998,2.03,67.5
Pip Braiden,pbraiden9v@eventbrite.com,9/5/1996,1.66,86.4
Billy Frostdyke,bfrostdyke9w@moonfruit.com,12/4/1998,1.89,60.6
Dorian Prendeville,dprendeville9x@hostgator.com,14/6/1995,1.88,80.4
Misty Coucher,mcoucher9y@hc360.com,1/5/1996,2.06,59.0
Rickie Cox,rcox9z@chronoengine.com,30/7/1996,1.72,57.4
Malynda Guidera,mguideraa0@nymag.com,29/11/1998,1.9,77.4
Tades Herche,therchea1@bravesites.com,11/6/1997,1.52,93.4
Dun Caddock,dcaddocka2@guardian.co.uk,24/7/1995,1.69,57.9
Gracie Cheales,gchealesa3@constantcontact.com,24/8/1996,1.72,42.4
Erin Tarry,etarrya4@nsw.gov.au,15/1/1999,1.54,94.2
Barthel Barnardo,bbarnardoa5@acquirethisname.com,21/10/1999,1.8,69.5
Ambrosio Jeandel,ajeandela6@wix.com,4/9/1997,1.67,31.7
Tally Nemchinov,tnemchinova7@soundcloud.com,13/6/1997,1.7,77.4
Danit Standage,dstandagea8@umich.edu,27/6/1999,1.4,84.1
Hillary Van der Krui,hvana9@abc.net.au,24/6/1997,1.75,47.1
Gabrila MacLucais,gmaclucaisaa@adobe.com,24/5/1995,1.93,52.3
Friedrich Sarchwell,fsarchwellab@japanpost.jp,1/7/1995,2.06,84.1
Gaelan Giacaponi,ggiacaponiac@pcworld.com,5/3/1998,1.62,78.7
Siusan O'Fihily,sofihilyad@mtv.com,10/12/1998,1.85,63.7
Brigitta Bloxland,bbloxlandae@google.fr,1/10/1997,1.71,95.5
Noreen McCalum,nmccalumaf@tmall.com,9/3/1996,1.57,54.6
Kinnie Spendley,kspendleyag@posterous.com,7/12/1996,1.93,58.8
Tynan Gun,tgunah@slashdot.org,25/5/1998,1.96,70.5
Aleda Faiers,afaiersai@google.com,7/2/1999,1.75,106.1
Darice Yapp,dyappaj@nydailynews.com,2/5/1996,1.8,67.9
Gusty Kemwal,gkemwalak@cdc.gov,16/7/1996,1.87,101.9
Hall Whinney,hwhinneyal@cnbc.com,2/3/1998,1.75,71.6
Eugenio Ivanenko,eivanenkoam@ifeng.com,16/2/1997,1.48,54.9
Osborn Hoggins,ohogginsan@ftc.gov,8/4/1998,1.89,89.8
Lou Delamaine,ldelamaineao@walmart.com,19/7/1999,1.46,65.0
Titos Glennie,tglennieap@ftc.gov,3/6/1996,1.88,85.9
Courtnay Crimin,ccriminaq@ucla.edu,16/12/1998,1.78,69.0
Celesta Cavolini,ccavoliniar@wix.com,22/5/1996,1.44,59.0
Haskell Ryley,hryleyas@topsy.com,14/5/1997,1.62,48.5
Haleigh Radbone,hradboneat@123-reg.co.uk,27/7/1996,1.96,82.8
Jennica Jinkins,jjinkinsau@drupal.org,3/3/1996,1.85,64.9
Ludovico Jerrard,ljerrardav@baidu.com,25/9/1995,1.78,95.7
Gabi Causon,gcausonaw@facebook.com,5/8/1997,2.18,71.0
Aland Adamiec,aadamiecax@hostgator.com,1/10/1998,1.76,54.0
Jojo Greenin,jgreeninay@edublogs.org,29/10/1998,2.23,83.2
Grazia Bowerman,gbowermanaz@usatoday.com,13/8/1997,1.74,42.3
Oates Mahon,omahonb0@mayoclinic.com,21/4/1999,1.99,54.5
Caprice Schohier,cschohierb1@webeden.co.uk,13/11/1996,1.99,68.3
Feodora MacPherson,fmacphersonb2@marriott.com,13/1/1998,1.62,90.5
Anallese Moyler,amoylerb3@salon.com,2/1/1998,1.97,61.5
Gav Chardin,gchardinb4@utexas.edu,30/12/1998,1.61,61.3
Othelia Nelthorp,onelthorpb5@themeforest.net,12/10/1999,1.71,89.9
Gus Hastin,ghastinb6@addtoany.com,25/1/1999,1.96,84.3
Hedvige Harm,hharmb7@ftc.gov,17/3/1997,1.93,57.0
Kimble Abramsky,kabramskyb8@scribd.com,17/12/1996,1.71,112.1
Tatiania Nellis,tnellisb9@twitpic.com,4/7/1996,1.82,31.2
Frasquito O' Molan,foba@ihg.com,8/10/1999,2.17,70.5
Sylvia Cheke,schekebb@xing.com,10/9/1997,1.71,110.7
Ora Rait,oraitbc@ucoz.ru,23/10/1995,1.62,66.2
Dougy Kingscott,dkingscottbd@histats.com,3/12/1996,1.57,81.8
De witt Dabels,dwittbe@fda.gov,15/7/1998,1.67,75.8
Christopher Dewbury,cdewburybf@icio.us,19/4/1999,1.7,45.9
Dorise Bushrod,dbushrodbg@yale.edu,26/4/1996,1.95,79.2
Christos O'Loughlin,coloughlinbh@nydailynews.com,19/9/1995,1.82,43.3
Leroy Gorse,lgorsebi@admin.ch,14/4/1997,2.12,72.0
Kimbra Pray,kpraybj@pen.io,22/9/1999,1.71,83.3
Claus Bedburrow,cbedburrowbk@chronoengine.com,16/6/1995,1.97,63.0
Ellsworth Westcarr,ewestcarrbl@skype.com,7/5/1997,1.8,78.1
Rowena Brockherst,rbrockherstbm@wunderground.com,26/8/1997,1.77,65.4
Maire Gomes,mgomesbn@reference.com,27/7/1997,1.71,60.4
Charlean Aaronsohn,caaronsohnbo@bbb.org,15/5/1997,1.66,102.4
Trace Stede,tstedebp@va.gov,17/1/1997,1.79,53.7
Pierrette Selvester,pselvesterbq@cpanel.net,14/6/1999,1.65,110.6
Skelly Tingle,stinglebr@independent.co.uk,27/9/1997,1.46,100.2
Rosene Stirrup,rstirrupbs@studiopress.com,21/7/1996,1.72,69.1
Wandie Glisenan,wglisenanbt@omniture.com,15/6/1999,1.4,59.9
Jared Stroton,jstrotonbu@networksolutions.com,6/3/1997,1.85,64.0
Darby Willan,dwillanbv@vinaora.com,6/10/1995,1.61,78.5
Sidonia Hillett,shillettbw@soup.io,2/3/1998,1.99,59.9
Pris Marjot,pmarjotbx@zdnet.com,22/2/1999,1.43,93.8
Jo Mellonby,jmellonbyby@1und1.de,15/7/1995,1.85,62.1
Clarice Carleman,ccarlemanbz@w3.org,5/11/1997,1.68,85.7
Charmine Gustus,cgustusc0@imgur.com,29/4/1996,1.54,75.8
Melicent Hannam,mhannamc1@fda.gov,18/2/1998,1.68,82.8
Sim Standbrook,sstandbrookc2@alexa.com,13/7/1996,1.68,83.2
Avis Golsthorp,agolsthorpc3@myspace.com,21/10/1998,1.71,80.0
Jasen Blaisdale,jblaisdalec4@dot.gov,26/3/1999,2.23,46.4
Alyssa Sackes,asackesc5@time.com,5/10/1996,1.81,76.2
Iorgo Boldecke,iboldeckec6@github.io,31/10/1997,1.65,55.0
Baxie Edmonstone,bedmonstonec7@newyorker.com,16/4/2000,1.7,87.3
Vanya Chaffin,vchaffinc8@hugedomains.com,15/11/1998,2.04,43.4
Derron Turner,dturnerc9@washingtonpost.com,2/7/1997,1.68,86.6
Edmund Northover,enorthoverca@elpais.com,6/12/1999,1.84,54.4
Wendye Curman,wcurmancb@typepad.com,12/5/1996,1.61,102.5
Warden Bowmer,wbowmercc@nationalgeographic.com,14/3/2000,1.66,51.4
Guenna Bice,gbicecd@google.nl,9/4/1996,1.74,89.3
Desiree McDonogh,dmcdonoghce@nymag.com,26/5/1995,1.89,61.7
Jena Helleckas,jhelleckascf@networkadvertising.org,7/3/2000,1.67,29.0
Danny Dunbleton,ddunbletoncg@joomla.org,18/11/1999,1.54,49.3
Maribeth Thompson,mthompsonch@github.com,11/6/1996,1.37,81.9
Xerxes Tregunnah,xtregunnahci@instagram.com,5/6/1997,1.68,55.6
Mollee Gudge,mgudgecj@163.com,4/6/1997,1.68,77.1
Virgilio Baleine,vbaleineck@ted.com,3/2/1997,1.99,52.7
Mariann Maior,mmaiorcl@shareasale.com,26/9/1999,1.58,54.2
Barnaby Licas,blicascm@t-online.de,22/10/1999,1.94,84.6
Noelle Wardlow,nwardlowcn@fema.gov,11/6/1999,1.29,58.0
Powell Boyington,pboyingtonco@answers.com,10/5/1999,1.45,70.4
Sanford Challener,schallenercp@vinaora.com,18/3/1996,1.56,77.5
Alejandrina Haughton,ahaughtoncq@facebook.com,16/5/1997,1.93,106.1
Ed Spadari,espadaricr@blog.com,24/3/1999,1.95,62.7
Niccolo Bernon,nbernoncs@gnu.org,29/6/1997,2.03,52.5
Guy Backshaw,gbackshawct@shutterfly.com,22/9/1996,1.71,82.6
Nikolaos Sakins,nsakinscu@mapy.cz,12/1/2000,1.99,74.6
Abel Bonfield,abonfieldcv@newsvine.com,20/3/1999,1.67,72.7
Bellina Bestar,bbestarcw@google.it,3/9/1996,1.73,104.8
Felecia Woan,fwoancx@edublogs.org,27/1/1997,1.83,78.9
Bram Garley,bgarleycy@arizona.edu,3/5/1997,2.27,32.2
Charlot Patriskson,cpatrisksoncz@marriott.com,21/7/1995,1.79,70.1
Parrnell Tombs,ptombsd0@state.tx.us,6/4/1996,1.63,77.3
Hendrik Tyrie,htyried1@yellowpages.com,14/3/1998,1.46,58.1
Eula Cristofaro,ecristofarod2@microsoft.com,4/9/1998,1.72,108.2
Lanni Cochern,lcochernd3@telegraph.co.uk,17/5/1995,1.73,30.2
Willetta Pagram,wpagramd4@goo.ne.jp,22/4/1999,2.07,55.8
Toiboid Kubek,tkubekd5@apache.org,6/4/2000,2.16,86.5
Temp Stickney,tstickneyd6@miitbeian.gov.cn,10/8/1998,1.56,63.7
Tim Carren,tcarrend7@pinterest.com,9/3/1998,1.74,59.3
Cheston Chark,ccharkd8@redcross.org,6/4/1996,2.23,84.9
Andrus Calwell,acalwelld9@loc.gov,13/9/1996,1.77,62.8
Doralyn Orgee,dorgeeda@ezinearticles.com,6/9/1995,1.73,76.8
Gwynne Anfossi,ganfossidb@slashdot.org,30/7/1996,1.3,37.4
Herminia Markus,hmarkusdc@bbb.org,10/9/1995,1.66,74.9
Dunn Lawrenson,dlawrensondd@twitpic.com,13/7/1996,1.95,46.7
Stanislas McLevie,smcleviede@yolasite.com,23/11/1998,1.99,49.7
Ginnifer Couvert,gcouvertdf@twitter.com,24/2/1997,2.22,72.8
Glenden Olohan,golohandg@simplemachines.org,8/1/1996,1.89,86.5
Else MacColm,emaccolmdh@theguardian.com,21/5/1995,2.31,63.6
Humphrey Ollive,hollivedi@si.edu,15/6/1998,1.52,88.0
Orsola Luno,olunodj@google.com.hk,19/1/1996,1.8,44.0
Mendie Forker,mforkerdk@wiley.com,9/10/1997,1.85,85.3
Gal Holbarrow,gholbarrowdl@accuweather.com,1/9/1998,1.58,64.7
Aubine Bengoechea,abengoecheadm@engadget.com,30/8/1995,1.79,69.4
Gerick Dundredge,gdundredgedn@barnesandnoble.com,31/1/1998,1.68,43.2
August Feechan,afeechando@hhs.gov,8/11/1996,1.73,61.5
Adrien Sorley,asorleydp@google.com,20/6/1996,1.69,94.7
Caryn Verlinde,cverlindedq@wiley.com,18/6/1995,1.62,70.0
Terrell Vannikov,tvannikovdr@a8.net,21/10/1996,2.12,62.2
Diane-marie McAnulty,dmcanultyds@ehow.com,28/1/1996,1.97,58.9
Nil Eckery,neckerydt@feedburner.com,21/5/1998,1.73,36.3
Gwendolin Jaffrey,gjaffreydu@edublogs.org,17/9/1995,2.08,76.7
Kyle Smurfit,ksmurfitdv@aboutads.info,10/11/1998,1.53,58.0
Kali Hosten,khostendw@github.com,24/3/1999,2.09,52.3
Helen-elizabeth Harlin,hharlindx@gov.uk,18/1/1998,1.83,46.7
Benedict Janikowski,bjanikowskidy@friendfeed.com,18/5/1999,1.89,106.9
Feliza Tierney,ftierneydz@miibeian.gov.cn,26/1/1999,1.81,41.8
Dunstan Chalfont,dchalfonte0@oaic.gov.au,20/9/1997,1.98,83.3
Idell Heavyside,iheavysidee1@constantcontact.com,31/1/1997,1.99,83.0
Lilian Cloake,lcloakee2@techcrunch.com,28/12/1996,2.04,106.4
Maritsa Iredale,miredalee3@tmall.com,13/4/1999,1.76,63.4
Delia Gawkes,dgawkese4@google.co.uk,26/2/1997,1.61,56.0
Maisie Maton,mmatone5@printfriendly.com,3/8/1995,1.62,39.9
Wake Scranny,wscrannye6@dedecms.com,26/4/1999,1.53,80.0
Eleanora Dahle,edahlee7@goo.gl,24/6/1995,1.47,79.4
Bondie Toller,btollere8@nationalgeographic.com,5/10/1995,1.47,72.0
Dimitri Constantinou,dconstantinoue9@plala.or.jp,21/12/1997,1.45,100.6
Henka Wilshire,hwilshireea@clickbank.net,25/3/1998,1.6,64.7
Lela Blitzer,lblitzereb@omniture.com,7/5/1997,1.61,74.2
Kalle Gaylard,kgaylardec@moonfruit.com,27/5/1997,1.83,99.1
Eal Ciccottini,eciccottinied@nhs.uk,25/5/1997,1.88,26.7
Lianna Browett,lbrowettee@wsj.com,16/9/1998,1.84,45.3
Devland Pottes,dpottesef@networksolutions.com,29/8/1999,1.87,59.2
Shalom MacDearmid,smacdearmideg@desdev.cn,8/4/1997,2.04,102.5
Harmony Rickwood,hrickwoodeh@cocolog-nifty.com,12/6/1997,1.98,105.8
Harvey Corneliussen,hcorneliussenei@alibaba.com,14/11/1997,2.01,66.1
Horatia Janik,hjanikej@tripod.com,14/5/1997,1.96,82.7
Stefan Osborne,sosborneek@altervista.org,16/3/1999,1.72,69.7
Evita Rogez,erogezel@cargocollective.com,18/7/1999,1.92,49.6
Claus Arnowicz,carnowiczem@chronoengine.com,5/12/1997,1.54,72.3
Felipa felip,ffelipen@ask.com,13/3/1996,1.51,108.4
Dix Samber,dsambereo@tinypic.com,13/6/1995,1.68,93.3
Corrianne Colcomb,ccolcombep@yolasite.com,24/4/2000,1.69,61.9
Noam Friedlos,nfriedloseq@dion.ne.jp,8/4/1996,2.16,50.5
North Cortese,ncorteseer@va.gov,16/12/1997,1.81,60.4
Ailsun Fills,afillses@google.cn,6/6/1995,1.89,100.5
Donavon Vagg,dvagget@360.cn,12/3/1998,2.05,65.7
Linnea Stirling,lstirlingeu@tripod.com,8/1/2000,1.45,106.9
Lotta Byway,lbywayev@senate.gov,14/1/1999,1.74,42.8
Berny Dovinson,bdovinsonew@creativecommons.org,31/10/1997,1.76,68.7
Catlee Kingsnode,ckingsnodeex@icq.com,1/6/1998,1.81,80.8
Corrina Hunnam,chunnamey@elpais.com,26/8/1999,1.75,77.6
Courtney Regler,creglerez@msu.edu,11/12/1997,1.64,77.1
Irma Sephton,isephtonf0@businessinsider.com,6/4/1997,2.0,82.3
Kaia Weekland,kweeklandf1@uol.com.br,1/4/1998,1.66,55.9
Kylynn Witherspoon,kwitherspoonf2@google.com.hk,30/10/1995,2.05,79.8
Merwyn Wornham,mwornhamf3@issuu.com,30/10/1996,1.84,59.5
Dud Jerok,djerokf4@ca.gov,8/5/1998,2.25,80.6
Helene Lacey,hlaceyf5@marriott.com,7/10/1998,1.86,41.6
Charlotte Suter,csuterf6@noaa.gov,17/10/1998,1.81,92.0
Pacorro Absolon,pabsolonf7@ycombinator.com,26/5/1996,1.95,112.4
Marigold Annis,mannisf8@dedecms.com,11/4/1999,1.98,52.5
Merry Dumbelton,mdumbeltonf9@techcrunch.com,6/2/1998,1.44,70.6
Beilul Comley,bcomleyfa@dion.ne.jp,23/9/1996,1.7,86.9
Sergio Fawley,sfawleyfb@comcast.net,6/8/1999,1.68,73.9
Morgana Eneas,meneasfc@ted.com,11/6/1998,1.67,113.2
Kacie Welbeck,kwelbeckfd@gizmodo.com,24/6/1997,2.28,66.7
Willie Darrington,wdarringtonfe@lulu.com,13/9/1996,1.78,70.8
Suki Shortland,sshortlandff@cnn.com,13/5/1999,1.74,91.9
Marybelle Loughlan,mloughlanfg@constantcontact.com,13/3/2000,1.76,96.3
Denyse MacLaren,dmaclarenfh@theatlantic.com,20/4/1996,1.72,51.1
Thia Braund,tbraundfi@timesonline.co.uk,2/1/1997,1.72,64.2
Adeline Wemyss,awemyssfj@seesaa.net,14/3/1996,1.86,53.2
Regina Dranfield,rdranfieldfk@taobao.com,26/12/1995,1.51,60.2
Karia Anker,kankerfl@washingtonpost.com,16/9/1998,1.59,76.9
Bent Allison,ballisonfm@elegantthemes.com,5/2/1996,1.82,71.3
Locke Mingo,lmingofn@mlb.com,8/8/1997,1.6,52.3
Concordia Bufton,cbuftonfo@nydailynews.com,7/6/1999,1.47,41.1
Obadias Brimblecombe,obrimblecombefp@canalblog.com,8/2/1999,1.88,63.2
Coraline Coggan,ccogganfq@live.com,12/1/1999,1.67,75.1
Arvin De Cruz,adefr@redcross.org,7/9/1997,1.54,80.0
Claire Paolazzi,cpaolazzifs@joomla.org,4/11/1995,1.6,47.2
Renell Meriguet,rmeriguetft@oaic.gov.au,2/1/2000,1.76,71.8
Emlyn Hearl,ehearlfu@stanford.edu,30/11/1998,1.65,50.8
Elliott Leathard,eleathardfv@bbc.co.uk,2/4/1998,1.51,61.9
Tova Swatland,tswatlandfw@cam.ac.uk,7/12/1997,1.79,90.0
Chelsea Garvagh,cgarvaghfx@imgur.com,8/9/1999,1.45,102.2
Corene Carrivick,ccarrivickfy@goo.ne.jp,6/5/1999,1.93,76.1
Clemens Tingey,ctingeyfz@ustream.tv,6/4/1999,2.01,75.1
Shannah Glisane,sglisaneg0@paginegialle.it,26/4/1999,1.85,74.8
Betti Bodill,bbodillg1@ca.gov,29/11/1995,1.81,77.6
Lyon Hebborne,lhebborneg2@forbes.com,30/6/1997,1.83,35.4
Lorraine Holdey,lholdeyg3@liveinternet.ru,7/8/1995,1.93,53.7
Tedie Tolliday,ttollidayg4@homestead.com,7/11/1997,1.64,86.7
Bryna McCay,bmccayg5@springer.com,1/2/1998,1.91,72.4
Maurene Dymocke,mdymockeg6@vimeo.com,29/3/1997,1.68,77.2
Sandie Bicheno,sbichenog7@mediafire.com,12/10/1998,1.98,46.7
Staci Finker,sfinkerg8@nhs.uk,1/3/1996,1.83,72.6
Kass Dallinder,kdallinderg9@myspace.com,6/10/1997,1.82,115.0
Ingra Ivanyushkin,iivanyushkinga@qq.com,15/1/1998,1.71,56.0
Star Schenfisch,sschenfischgb@vk.com,2/9/1995,1.53,50.8
Herbert Willingale,hwillingalegc@drupal.org,17/5/1996,1.86,72.5
Olia Silverthorn,osilverthorngd@cisco.com,5/11/1997,2.06,62.6
Mureil Stockall,mstockallge@blogspot.com,19/11/1999,1.99,54.0
Eimile MacCawley,emaccawleygf@printfriendly.com,21/10/1997,1.92,84.9
Sammie Rontsch,srontschgg@dmoz.org,30/6/1997,2.13,66.6
Lisbeth Lathy,llathygh@cam.ac.uk,14/10/1996,1.59,89.5
Arline Bellringer,abellringergi@prnewswire.com,27/10/1997,1.9,60.6
Lorie Sans,lsansgj@mayoclinic.com,29/4/1997,1.88,59.4
Anjela Basant,abasantgk@washingtonpost.com,30/8/1997,1.46,41.9
Gerda Waddy,gwaddygl@github.io,14/6/1999,1.59,72.3
Aharon Ambrose,aambrosegm@unicef.org,12/12/1997,1.84,68.5
Roosevelt Geake,rgeakegn@ebay.com,19/8/1999,1.94,99.4
Jillene Sherebrooke,jsherebrookego@cbc.ca,4/5/1997,1.86,82.0
Sheffie Grayer,sgrayergp@freewebs.com,23/7/1999,1.72,43.7
Sheila Easter,seastergq@geocities.com,20/1/2000,1.94,63.4
Shirleen Massen,smassengr@uol.com.br,3/4/2000,1.96,90.4
Nataniel Studdal,nstuddalgs@army.mil,13/2/1996,1.37,61.2
Lucine Mishaw,lmishawgt@soup.io,19/9/1996,1.72,68.3
Karlotte Steed,ksteedgu@pcworld.com,17/6/1996,1.63,79.3
Lovell Buckel,lbuckelgv@yandex.ru,2/8/1996,1.92,95.4
Noble Byles,nbylesgw@is.gd,28/2/1998,1.93,112.4
Rhody Leacock,rleacockgx@dailymotion.com,18/11/1998,1.62,76.5
Libbie Thirlwell,lthirlwellgy@privacy.gov.au,19/11/1996,1.63,35.7
Heall Casford,hcasfordgz@jalbum.net,18/2/1996,1.7,71.6
Vernon Edgson,vedgsonh0@typepad.com,20/11/1996,1.58,80.4
Shelly Pecey,speceyh1@mozilla.com,28/12/1997,1.59,49.7
Cort Maudsley,cmaudsleyh2@usgs.gov,6/4/2000,1.83,61.3
Godfry Larrosa,glarrosah3@lycos.com,27/11/1995,1.87,62.4
Massimo Daine,mdaineh4@admin.ch,19/10/1995,1.94,79.4
Jerrilee Chavez,jchavezh5@yandex.ru,24/6/1999,1.79,67.1
Bab Burmingham,bburminghamh6@yandex.ru,13/1/1998,1.57,72.0
Briana Ruppert,brupperth7@auda.org.au,25/8/1999,1.51,87.7
Micaela Philliskirk,mphilliskirkh8@kickstarter.com,7/6/1996,1.62,31.6
Kevan Wyrall,kwyrallh9@soup.io,30/7/1999,1.83,81.0
Winni Flipek,wflipekha@cbc.ca,24/8/1999,1.9,56.7
Cordula Catterson,ccattersonhb@skyrock.com,22/8/1997,2.08,74.9
Veronica Ciccarello,vciccarellohc@cnn.com,5/3/1998,1.78,51.6
Lezlie Frantzen,lfrantzenhd@toplist.cz,6/5/2000,2.14,58.6
Kakalina Torn,ktornhe@jimdo.com,25/5/1996,1.79,75.6
Donny Yeats,dyeatshf@sakura.ne.jp,16/4/1998,1.57,41.2
Lindon Huortic,lhuortichg@parallels.com,24/8/1997,1.8,98.0
Berk Idenden,bidendenhh@yellowpages.com,9/6/1999,1.63,35.4
Faydra Yanin,fyaninhi@reverbnation.com,29/5/1995,1.85,53.0
Gertrudis McDonogh,gmcdonoghhj@cmu.edu,9/1/1996,1.95,79.7
Tedd Smalley,tsmalleyhk@unesco.org,6/10/1998,1.55,57.9
Danell O'Reilly,doreillyhl@blogtalkradio.com,27/9/1996,2.07,36.7
Reade Milne,rmilnehm@yellowpages.com,17/9/1996,1.87,70.8
Thekla Mushawe,tmushawehn@chron.com,29/5/1998,1.77,66.2
Gale Beange,gbeangeho@goo.ne.jp,9/1/1997,1.66,68.4
Launce Ollet,lollethp@omniture.com,4/4/1998,1.57,64.2
Loydie Brantzen,lbrantzenhq@nifty.com,1/3/1997,1.89,70.0
Al Berzen,aberzenhr@census.gov,10/12/1997,1.81,54.6
Arturo Gartland,agartlandhs@webs.com,15/7/1995,1.88,96.0
Stavro MacKeeg,smackeeght@dedecms.com,24/11/1996,1.65,86.1
Alberik Featherstonhalgh,afeatherstonhalghhu@hostgator.com,22/12/1998,1.81,20.9
Darb Minards,dminardshv@reference.com,26/6/1998,1.48,91.2
Petrina Giddings,pgiddingshw@blogtalkradio.com,10/7/1996,1.69,59.8
Breena De Coursey,bdehx@squidoo.com,24/2/1998,1.76,116.6
Gabi Yosifov,gyosifovhy@usa.gov,5/3/1996,1.54,74.5
Garrek Wholesworth,gwholesworthhz@devhub.com,4/3/1997,1.87,63.5
Elaine Chiene,echienei0@surveymonkey.com,7/5/2000,2.03,69.7
Dukie Applegate,dapplegatei1@alibaba.com,28/11/1996,2.09,76.1
Ricki Attrill,rattrilli2@huffingtonpost.com,10/12/1997,1.55,80.3
Alwyn Horlock,ahorlocki3@china.com.cn,27/3/2000,1.94,93.5
Marabel Hill,mhilli4@rediff.com,25/1/1997,1.74,63.5
Gill Beers,gbeersi5@sbwire.com,11/8/1997,1.65,82.0
Wylma Usborn,wusborni6@hatena.ne.jp,11/11/1995,1.43,74.1
Laurella McNulty,lmcnultyi7@discuz.net,5/8/1995,1.94,75.8
Farra Godbert,fgodberti8@foxnews.com,22/6/1995,1.59,53.3
Imojean Ruslinge,iruslingei9@auda.org.au,21/9/1998,1.62,93.6
Leticia Challes,lchallesia@columbia.edu,28/2/1996,1.9,58.0
Lucius McMichan,lmcmichanib@japanpost.jp,22/1/1997,1.66,61.0
Gwynne Lloyd,glloydic@hostgator.com,9/4/1999,1.66,37.7
Matt Rosenqvist,mrosenqvistid@baidu.com,13/5/1998,1.5,87.1
Angele Krolik,akrolikie@sbwire.com,21/9/1996,1.77,73.7
Barry Element,belementif@wix.com,17/3/1996,1.79,47.1
Kath Helsdon,khelsdonig@auda.org.au,23/5/1997,2.0,63.7
Janey Maybey,jmaybeyih@google.fr,9/5/1999,2.15,92.1
Elden Fairbrace,efairbraceii@php.net,12/9/1999,1.61,89.2
Ynez Folliss,yfollissij@last.fm,4/9/1997,1.96,103.1
Glory Balham,gbalhamik@globo.com,21/8/1997,1.61,96.9
Randa Wallworth,rwallworthil@posterous.com,17/7/1997,2.37,51.3
Somerset Piotr,spiotrim@unicef.org,9/3/1998,1.6,85.9
Rochella Pratton,rprattonin@shinystat.com,12/8/1998,1.87,76.2
Renell Hartle,rhartleio@deviantart.com,11/10/1999,1.92,66.8
Joli Spridgen,jspridgenip@com.com,5/12/1997,1.6,51.0
Suzanne Jersch,sjerschiq@webeden.co.uk,5/2/1999,1.83,58.9
Shaw Bettley,sbettleyir@4shared.com,22/2/1999,1.96,62.5
Chandra Cammacke,ccammackeis@dion.ne.jp,28/12/1997,1.88,60.0
Melony Pittet,mpittetit@java.com,23/5/1999,1.73,50.6
Bibbie Eastcourt,beastcourtiu@mysql.com,8/2/2000,1.51,72.8
Reinhard Drage,rdrageiv@com.com,23/7/1996,1.41,63.5
Wait Gilling,wgillingiw@wikia.com,19/5/1999,1.4,81.9
Tansy Butt Gow,tbuttix@google.com.br,4/3/1999,1.82,32.9
Jeanna Hinners,jhinnersiy@nbcnews.com,27/8/1996,2.05,75.4
Cordell Leavesley,cleavesleyiz@mozilla.org,8/6/1998,1.79,58.1
Charis Asey,caseyj0@e-recht24.de,27/10/1995,1.72,58.3
Tracy Prandy,tprandyj1@smh.com.au,27/10/1998,1.56,66.0
Adena Fulger,afulgerj2@yellowbook.com,13/10/1999,1.58,67.7
Flory Cossey,fcosseyj3@tiny.cc,20/5/1999,1.8,84.0
Clayborn Pavolini,cpavolinij4@sfgate.com,9/4/1996,1.8,56.7
Saxon Tambling,stamblingj5@cocolog-nifty.com,13/8/1998,1.98,65.3
Baudoin Donoghue,bdonoghuej6@alibaba.com,22/7/1998,1.75,67.2
Brod McJarrow,bmcjarrowj7@infoseek.co.jp,19/11/1996,1.87,98.2
Frayda O'Farrell,fofarrellj8@plala.or.jp,27/3/1998,1.78,74.8
Rocky Linggard,rlinggardj9@bravesites.com,10/2/1999,1.85,84.8
Rex Rishbrook,rrishbrookja@technorati.com,29/5/1999,1.64,82.1
Kiri Moughton,kmoughtonjb@irs.gov,8/10/1996,1.52,18.5
Tobias Brameld,tbrameldjc@icio.us,23/12/1999,1.46,44.6
Calla Jahnisch,cjahnischjd@nih.gov,10/4/1999,1.61,82.9
Dianemarie Dufoure,ddufoureje@google.co.uk,9/6/1995,1.57,81.2
Bernardina McGahey,bmcgaheyjf@sciencedirect.com,16/4/1998,1.86,55.0
Aundrea Burdoun,aburdounjg@cbc.ca,16/10/1995,1.6,72.3
Celeste Dallaway,cdallawayjh@ebay.com,12/6/1999,1.28,58.8
Elaina Dresche,edrescheji@cyberchimps.com,20/5/1999,1.76,83.6
Sheree Collman,scollmanjj@seattletimes.com,19/2/1996,1.74,97.6
Gwendolyn Kyttor,gkyttorjk@mayoclinic.com,15/11/1998,1.3,81.2
Kerianne Blyth,kblythjl@pinterest.com,3/9/1998,1.93,65.8
Thalia McDirmid,tmcdirmidjm@gov.uk,10/8/1996,1.56,47.9
Raeann Benardet,rbenardetjn@behance.net,6/5/1999,2.05,69.8
Jordain Cicchillo,jcicchillojo@etsy.com,7/10/1998,1.54,99.7
Moreen Karby,mkarbyjp@twitpic.com,24/6/1995,1.69,48.5
Rafael Jannaway,rjannawayjq@tmall.com,14/10/1997,1.77,83.9
Mack Lavers,mlaversjr@narod.ru,11/12/1995,1.99,103.7
Llywellyn Nutman,lnutmanjs@dot.gov,27/8/1998,1.75,74.0
Veradis Hadenton,vhadentonjt@twitpic.com,23/1/1998,1.73,75.7
Edouard Northover,enorthoverju@topsy.com,28/3/1999,1.65,85.9
Basilius Wayland,bwaylandjv@sfgate.com,1/11/1995,1.8,49.5
Cloe Buche,cbuchejw@mac.com,26/5/1998,1.56,79.9
Laurie Showering,lshoweringjx@jigsy.com,15/1/2000,1.64,45.8
Marjory Meeke,mmeekejy@surveymonkey.com,25/5/1996,1.95,90.8
Gwynne Bebb,gbebbjz@gravatar.com,25/5/1998,1.53,66.3
Marquita Dabes,mdabesk0@si.edu,10/3/2000,1.71,78.5
Brandise Roomes,broomesk1@dailymotion.com,4/6/1996,1.73,108.8
Ermin Sleit,esleitk2@amazon.co.uk,4/3/1996,1.56,60.9
Clemence Rraundl,crraundlk3@bbb.org,28/1/1996,1.81,97.6
Truda Wiffen,twiffenk4@springer.com,26/7/1996,1.76,32.8
Whitaker Revening,wreveningk5@msu.edu,25/2/1997,2.15,85.1
Hamish Sexton,hsextonk6@arstechnica.com,19/11/1996,1.78,80.6
Brandy Lamborne,blambornek7@earthlink.net,26/3/1999,1.49,85.5
Paule Dobbie,pdobbiek8@hhs.gov,18/1/1996,1.98,85.3
Maxie Colnet,mcolnetk9@meetup.com,2/3/1998,1.91,72.0
Even Darington,edaringtonka@github.com,24/2/1996,1.8,74.6
Justinn Morfell,jmorfellkb@linkedin.com,13/10/1995,1.91,90.0
Andie Scotchford,ascotchfordkc@bigcartel.com,19/11/1995,1.67,79.9
Torey Cumpsty,tcumpstykd@prlog.org,13/8/1999,1.84,54.1
Holmes Sawnwy,hsawnwyke@jugem.jp,25/10/1999,2.05,69.1
Gilberte Alexsandrovich,galexsandrovichkf@twitpic.com,23/8/1996,1.39,86.3
Sheryl Mault,smaultkg@kickstarter.com,10/4/1999,1.97,112.5
Celestine Robrow,crobrowkh@vkontakte.ru,1/12/1996,1.75,67.1
Geordie Alison,galisonki@wp.com,30/4/1997,1.66,80.5
Natty Dabes,ndabeskj@163.com,15/11/1995,1.59,90.3
Bibbie Eddisforth,beddisforthkk@chron.com,19/7/1995,1.78,92.4
Desdemona Merchant,dmerchantkl@etsy.com,24/11/1995,1.89,75.5
Grayce Cordingley,gcordingleykm@scientificamerican.com,31/12/1997,1.85,108.3
Hector Charrier,hcharrierkn@wix.com,14/2/1998,1.8,82.6
Shamus Roswarn,sroswarnko@reverbnation.com,19/7/1999,2.16,61.5
Delaney O'Carran,docarrankp@so-net.ne.jp,20/8/1997,1.74,66.0
Anatol Bayford,abayfordkq@netlog.com,9/2/1999,1.63,92.1
Theressa Cutriss,tcutrisskr@odnoklassniki.ru,3/6/1998,2.0,49.5
Kelsey Simm,ksimmks@ycombinator.com,13/7/1995,1.58,73.4
Emmye Graham,egrahamkt@ca.gov,1/11/1995,1.49,101.3
Veriee Cords,vcordsku@tuttocitta.it,26/12/1995,1.55,71.3
Arny Shotton,ashottonkv@youtube.com,4/6/1997,2.07,62.8
Jeromy Lean,jleankw@desdev.cn,18/12/1998,2.1,49.6
Jorrie Featonby,jfeatonbykx@oaic.gov.au,11/4/1998,1.82,57.7
Jodie Darkins,jdarkinsky@reddit.com,22/7/1998,1.93,65.1
Nikita Praton,npratonkz@epa.gov,11/11/1995,1.83,89.7
Evie Hurry,ehurryl0@tamu.edu,7/1/1999,1.7,87.2
Bev Joynt,bjoyntl1@epa.gov,11/7/1999,1.71,77.3
Chelsae Bentzen,cbentzenl2@disqus.com,23/12/1998,1.79,54.5
Uriah Boncore,uboncorel3@whitehouse.gov,12/1/1998,1.8,74.4
Goldie Connochie,gconnochiel4@ucla.edu,25/8/1996,1.53,93.9
Kevina Wormald,kwormaldl5@printfriendly.com,28/9/1996,1.74,100.6
Freddie Boldock,fboldockl6@nationalgeographic.com,21/4/1996,1.83,66.6
Fidela Boyson,fboysonl7@cmu.edu,28/10/1998,1.85,79.1
Tess Clace,tclacel8@digg.com,8/12/1997,1.91,57.3
Aileen Sexstone,asexstonel9@purevolume.com,9/5/1999,1.92,86.9
Cynthia Bowshire,cbowshirela@smugmug.com,26/8/1997,1.67,75.2
Antons Burkett,aburkettlb@printfriendly.com,13/4/1999,1.41,86.4
Clemmy Scaife,cscaifelc@hud.gov,24/4/2000,2.08,32.0
Othella Morfell,omorfellld@sbwire.com,12/3/2000,1.8,83.7
Rebeca Coolbear,rcoolbearle@marriott.com,23/11/1997,2.02,28.0
Merna Peeke-Vout,mpeekevoutlf@mapquest.com,31/10/1998,1.5,78.5
Freddy Gavaran,fgavaranlg@e-recht24.de,4/10/1997,1.71,67.8
Ophelia Steadman,osteadmanlh@army.mil,13/4/1998,1.73,38.3
Cazzie Montilla,cmontillali@un.org,27/1/1998,1.67,88.9
Faun Seaking,fseakinglj@theguardian.com,24/4/1999,1.83,41.4
Arvin Moger,amogerlk@statcounter.com,26/10/1996,1.7,54.9
Walker Stoter,wstoterll@slideshare.net,4/10/1998,1.79,46.7
Nial Decreuze,ndecreuzelm@wikispaces.com,9/12/1997,1.67,101.7
Heinrik Paladini,hpaladiniln@spotify.com,1/3/1998,1.46,55.2
Lay Otter,lotterlo@redcross.org,2/4/1997,2.0,75.7
Lind Romagnosi,lromagnosilp@uol.com.br,22/10/1999,1.79,55.4
Brena Decayette,bdecayettelq@addtoany.com,27/9/1999,1.96,48.7
Allister Algate,aalgatelr@etsy.com,16/4/1998,1.56,66.2
Birch Holyard,bholyardls@spiegel.de,7/4/1996,1.52,37.0
Harland Gallanders,hgallanderslt@redcross.org,26/5/1995,1.89,61.2
Rickert Martinuzzi,rmartinuzzilu@china.com.cn,23/10/1999,1.85,55.2
Joannes Lanfere,jlanferelv@altervista.org,4/9/1998,1.54,71.5
Gard Probet,gprobetlw@washington.edu,21/8/1995,1.82,63.9
Erin Bilovsky,ebilovskylx@canalblog.com,26/11/1995,1.76,33.1
Kaitlyn Santer,ksanterly@4shared.com,2/7/1997,1.93,72.2
Helene Slocket,hslocketlz@nba.com,10/6/1996,1.86,72.3
Wyn Maryet,wmaryetm0@harvard.edu,31/7/1998,1.67,106.3
Cello Gorring,cgorringm1@phoca.cz,17/9/1996,2.03,86.8
Marlow Ruthven,mruthvenm2@wikia.com,6/12/1997,2.14,97.0
Jonas Veldman,jveldmanm3@wix.com,14/2/1997,1.56,43.4
Lilah Mulqueeny,lmulqueenym4@netscape.com,18/9/1998,1.57,69.2
Wolf Conigsby,wconigsbym5@kickstarter.com,18/12/1998,1.61,87.2
Ellery McBeath,emcbeathm6@google.co.jp,4/12/1997,1.63,65.9
Gussi Jacmar,gjacmarm7@weibo.com,30/6/1995,1.56,57.4
Consuelo Elfitt,celfittm8@artisteer.com,7/1/1999,2.18,46.6
Averil Szymanowicz,aszymanowiczm9@netlog.com,25/10/1996,1.44,51.2
Eadie Unitt,eunittma@zdnet.com,31/3/2000,1.79,66.7
Greg Affron,gaffronmb@homestead.com,28/9/1995,1.76,83.5
Matilda Coldrick,mcoldrickmc@fastcompany.com,12/3/1996,1.8,52.6
Tobye Medcraft,tmedcraftmd@studiopress.com,1/5/1996,1.76,36.7
Nomi Kenyam,nkenyamme@google.com.br,11/3/1999,1.91,56.6
Amalee McGeady,amcgeadymf@usatoday.com,23/5/1997,1.55,82.6
Grant Trundle,gtrundlemg@godaddy.com,28/2/1998,1.73,89.8
Phillip Civitillo,pcivitillomh@simplemachines.org,19/10/1997,1.73,81.2
Ferd Ivashkov,fivashkovmi@live.com,18/7/1999,1.9,69.7
Tobiah Tillman,ttillmanmj@technorati.com,22/7/1998,1.42,53.6
Neddy O'Shirine,noshirinemk@bing.com,10/1/1996,1.64,86.0
Charmane Pledge,cpledgeml@youtu.be,17/8/1999,1.93,83.5
Antonietta Bosley,abosleymm@wordpress.org,3/9/1997,1.67,65.7
Germain Happer,ghappermn@fc2.com,19/2/1999,1.73,78.4
Madelle O'Kennedy,mokennedymo@4shared.com,6/10/1997,1.6,96.0
Kamilah Kearn,kkearnmp@lycos.com,27/3/1998,2.04,75.6
Dorisa Ridhole,dridholemq@blog.com,4/4/1998,1.64,51.3
Terra Dunnion,tdunnionmr@netlog.com,14/9/1999,1.67,48.0
Gordon Sive,gsivems@elegantthemes.com,10/5/1998,1.71,74.1
Coletta Stiger,cstigermt@free.fr,30/12/1997,1.75,57.2
Mira Keddey,mkeddeymu@hud.gov,29/1/2000,1.62,58.4
Nady Gratrix,ngratrixmv@miibeian.gov.cn,4/8/1999,1.44,54.5
Jeddy Anshell,janshellmw@xing.com,28/3/1996,1.77,58.1
Art McFarlan,amcfarlanmx@amazon.co.uk,31/7/1995,1.4,93.8
Allianora Kolakovic,akolakovicmy@bloomberg.com,1/10/1999,2.06,65.1
Padraic Duchasteau,pduchasteaumz@comsenz.com,1/2/2000,1.79,100.3
Christophe Cod,ccodn0@qq.com,8/5/1997,1.88,66.4
Gerhardine Summerley,gsummerleyn1@cargocollective.com,10/6/1995,1.66,67.4
Lisetta Mullin,lmullinn2@rediff.com,6/4/2000,1.56,70.0
Simon Bartholat,sbartholatn3@studiopress.com,20/3/1999,1.75,74.3
Gabie Hanhardt,ghanhardtn4@who.int,6/6/1999,1.74,59.4
Vinni Dumbrall,vdumbralln5@cpanel.net,28/12/1999,1.8,64.6
Kaela O'Crigan,kocrigann6@omniture.com,16/9/1996,2.01,60.0
Allene Ledgister,aledgistern7@nyu.edu,11/8/1996,1.7,67.5
Travers Enoch,tenochn8@zdnet.com,18/3/1996,1.65,52.0
Bren Kaley,bkaleyn9@networksolutions.com,29/2/2000,1.58,30.4
Elna Hubatsch,ehubatschna@google.de,2/8/1998,1.9,85.4
Timoteo Parrish,tparrishnb@accuweather.com,15/6/1995,1.67,38.3
Beitris Caffin,bcaffinnc@hao123.com,2/1/1996,1.45,71.5
Alisha Zanuciolii,azanucioliind@thetimes.co.uk,24/5/1997,1.63,89.5
Louis Courage,lcouragene@cnn.com,25/10/1995,2.09,72.9
Flint Reily,freilynf@etsy.com,27/11/1999,1.66,55.9
Barbara-anne Malmar,bmalmarng@icio.us,10/2/1996,1.58,66.2
Ange Frawley,afrawleynh@oaic.gov.au,23/6/1998,1.85,54.8
Fulvia Hullot,fhullotni@comcast.net,1/9/1995,1.87,87.1
Adoree Wapplington,awapplingtonnj@myspace.com,7/1/1996,1.81,82.9
Sarina Wilcinskis,swilcinskisnk@loc.gov,20/2/1996,1.66,82.2
Brandtr Moreno,bmorenonl@redcross.org,6/3/1998,2.06,32.4
Jasmin Beazleigh,jbeazleighnm@arstechnica.com,3/11/1997,1.55,62.5
Stanford Esparza,sesparzann@bravesites.com,17/5/1998,1.67,25.2
Alyce Seiler,aseilerno@mtv.com,15/5/1999,1.66,79.1
Demeter Harring,dharringnp@google.co.jp,22/8/1995,2.12,89.4
Maryellen Giannasi,mgiannasinq@clickbank.net,2/9/1999,1.97,79.0
Lowell Paulat,lpaulatnr@opera.com,14/6/1996,1.79,63.5
Honey Playfoot,hplayfootns@geocities.com,7/10/1995,1.6,64.6
Kora Pauleit,kpauleitnt@unblog.fr,8/9/1999,1.74,107.8
Shaine Chitham,schithamnu@istockphoto.com,13/4/1998,1.99,91.1
Donnie Shortin,dshortinnv@miitbeian.gov.cn,1/10/1999,1.83,65.5
Shem Drinkhill,sdrinkhillnw@msn.com,11/9/1995,1.58,96.5
Clyve Jump,cjumpnx@statcounter.com,19/7/1995,1.83,55.6
Nial Matzaitis,nmatzaitisny@abc.net.au,22/12/1995,1.82,73.3
Tallou Filyushkin,tfilyushkinnz@nps.gov,14/6/1996,1.86,46.7
Aggi Brothers,abrotherso0@fda.gov,26/1/1997,1.6,127.9
Woodman Perell,wperello1@wsj.com,11/10/1998,1.74,74.7
Ewan Monketon,emonketono2@accuweather.com,3/1/1996,2.07,54.7
Rabbi Puncher,rpunchero3@dailymail.co.uk,15/3/1996,1.7,75.5
Patrice Lawty,plawtyo4@ft.com,19/8/1996,1.55,76.0
Lebbie Laingmaid,llaingmaido5@sbwire.com,9/10/1996,1.77,56.3
Flossi Nield,fnieldo6@chronoengine.com,6/11/1999,1.73,46.1
Gardy Challenor,gchallenoro7@bigcartel.com,10/5/1999,1.5,95.3
Blancha Challoner,bchallonero8@reddit.com,13/9/1995,2.02,58.8
Bonnie Belhomme,bbelhommeo9@mozilla.org,25/9/1999,1.89,74.5
Wallie Beebis,wbeebisoa@i2i.jp,9/4/1996,1.62,64.6
Devonne Willavize,dwillavizeob@answers.com,16/1/1996,1.98,81.5
Merrie O'Noland,monolandoc@wired.com,15/6/1998,2.01,73.8
Valina Kubczak,vkubczakod@vk.com,25/10/1998,1.71,58.2
Oswald Stiebler,ostiebleroe@xrea.com,6/11/1999,1.92,87.6
Brande Dryburgh,bdryburghof@ameblo.jp,23/4/1999,1.61,66.6
Hillery Peetermann,hpeetermannog@biblegateway.com,21/4/1996,1.63,98.1
Derrek Ridde,driddeoh@techcrunch.com,26/12/1998,2.14,97.4
Hilton Thomann,hthomannoi@engadget.com,3/12/1995,1.95,84.2
Emmanuel Swales,eswalesoj@storify.com,24/2/2000,1.81,74.8
Mariam Vell,mvellok@google.it,9/4/2000,1.81,83.7
Alwin Girardot,agirardotol@w3.org,28/2/1999,1.75,69.2
Kristan Meldon,kmeldonom@yellowpages.com,31/10/1998,1.56,92.4
Rorke de Aguirre,rdeon@ovh.net,7/8/1998,1.63,75.6
Lind Hayley,lhayleyoo@psu.edu,2/4/1997,1.94,54.3
Kaitlyn Riddick,kriddickop@cbc.ca,9/5/1998,1.33,40.5
Cale Bohills,cbohillsoq@nps.gov,15/8/1999,1.57,80.0
Seth Collingwood,scollingwoodor@chron.com,25/7/1996,2.01,92.8
Lyle Gook,lgookos@dailymotion.com,9/3/1996,1.69,63.2
Gene Tinman,gtinmanot@stumbleupon.com,13/1/2000,1.77,72.2
Alison Sizeland,asizelandou@pinterest.com,13/9/1998,1.72,89.6
Leona Arthurs,larthursov@drupal.org,25/7/1995,1.89,56.6
Carree Witcomb,cwitcombow@de.vu,27/7/1998,1.56,96.0
Britt Le Maitre,bleox@devhub.com,16/5/1996,1.9,59.8
Delila Littlekit,dlittlekitoy@netscape.com,14/10/1998,1.66,89.4
Ciel Dwyer,cdwyeroz@zimbio.com,26/12/1998,1.47,64.0
Tallia Dalston,tdalstonp0@mtv.com,3/8/1995,1.9,40.3
Hilary Mitchel,hmitchelp1@histats.com,23/2/1996,1.68,95.8
Bunni Bixley,bbixleyp2@businessinsider.com,12/11/1995,1.96,111.5
Lynda O' Faherty,lop3@wix.com,20/3/1997,1.58,80.0
Nickolai Folbigg,nfolbiggp4@amazon.co.jp,22/2/2000,1.73,36.4
Kassey Hoovart,khoovartp5@ebay.com,28/5/1999,1.95,70.3
Baldwin O'Lahy,bolahyp6@usatoday.com,3/4/2000,1.73,81.5
Fee Twidle,ftwidlep7@shop-pro.jp,23/1/2000,2.01,64.4
Amity Riguard,ariguardp8@imageshack.us,4/3/2000,1.7,61.9
Lynde Lally,llallyp9@i2i.jp,11/1/1999,1.86,59.2
Siouxie Rogier,srogierpa@flavors.me,26/5/1997,1.36,36.3
Audie Mc Faul,amcpb@google.it,9/4/1998,1.66,8.9
Jillie Eckley,jeckleypc@issuu.com,6/9/1996,2.08,80.9
Juliann Spencook,jspencookpd@artisteer.com,1/1/1998,1.62,80.1
Davon Nell,dnellpe@irs.gov,1/6/1997,1.8,56.2
Willyt Delagua,wdelaguapf@xing.com,23/8/1995,1.73,92.6
Gweneth Sheen,gsheenpg@theglobeandmail.com,28/12/1996,1.78,84.4
Roi Dovermann,rdovermannph@discovery.com,29/10/1995,1.54,68.3
Allister Dimmne,adimmnepi@about.me,9/6/1996,1.37,60.6
Tiffi Gherarducci,tgherarduccipj@t-online.de,9/9/1999,1.86,85.5
Shayne Kettleson,skettlesonpk@redcross.org,28/6/1999,1.34,128.1
Gar Moir,gmoirpl@google.pl,10/10/1999,1.67,42.2
Marillin Stringer,mstringerpm@cbc.ca,13/6/1997,1.92,64.3
Veda Kurten,vkurtenpn@sbwire.com,7/3/1999,1.9,61.7
Henry Gilding,hgildingpo@psu.edu,30/8/1999,1.69,76.8
Candida Povey,cpoveypp@chicagotribune.com,6/10/1995,1.75,73.8
Piotr Linck,plinckpq@timesonline.co.uk,27/6/1999,1.75,94.9
Reinaldos Casel,rcaselpr@fema.gov,17/9/1999,1.99,44.9
Penelope Buscher,pbuscherps@omniture.com,21/4/1999,1.79,55.6
Mead Nettleship,mnettleshippt@yahoo.co.jp,8/7/1996,1.59,95.6
Kristal Glenny,kglennypu@pinterest.com,9/1/1999,1.26,101.2
Dom Underdown,dunderdownpv@barnesandnoble.com,8/2/1998,1.58,99.7
Vinny Sorey,vsoreypw@wsj.com,26/2/1996,1.88,64.5
Leighton Saffon,lsaffonpx@mtv.com,10/8/1995,2.1,107.8
Emera Farrin,efarrinpy@mlb.com,11/2/1999,1.97,55.1
Arron Sjostrom,asjostrompz@salon.com,6/3/1997,2.17,51.8
Darcy Kensley,dkensleyq0@un.org,3/9/1996,1.91,61.5
Jeanelle Ormshaw,jormshawq1@constantcontact.com,8/3/1996,1.81,41.8
Lorrie Bosnell,lbosnellq2@ustream.tv,6/10/1999,1.85,59.0
Minerva Gerger,mgergerq3@google.co.uk,24/4/1997,1.66,79.5
Paten Chattell,pchattellq4@usda.gov,25/8/1996,1.86,67.4
Natalya Eamer,neamerq5@epa.gov,14/3/1998,1.74,49.0
Sorcha Pioch,spiochq6@wordpress.org,5/8/1999,1.35,82.5
Shayla Woolpert,swoolpertq7@tripadvisor.com,23/11/1996,1.98,46.9
Clarisse Coley,ccoleyq8@dagondesign.com,10/6/1997,1.87,56.3
Troy McGilbon,tmcgilbonq9@photobucket.com,16/8/1997,1.66,104.2
Brandea Choke,bchokeqa@imgur.com,8/10/1996,1.49,70.7
Jeanine Boliver,jboliverqb@deviantart.com,9/6/1997,1.59,104.1
Jerry Tubby,jtubbyqc@ihg.com,19/8/1997,1.91,72.5
Myrlene Swigg,mswiggqd@youku.com,5/8/1999,1.9,94.4
Aurelie Timblett,atimblettqe@whitehouse.gov,12/9/1997,1.52,85.9
Ilsa Gardner,igardnerqf@vinaora.com,11/8/1997,1.94,101.4
Isa Batram,ibatramqg@house.gov,2/10/1995,1.78,78.3
Terza Hadlee,thadleeqh@irs.gov,25/7/1997,1.77,98.8
Gael Gergus,ggergusqi@histats.com,6/9/1999,2.12,34.5
Demetra Piens,dpiensqj@myspace.com,19/7/1996,1.9,62.5
Leroi Heake,lheakeqk@amazon.com,26/5/1995,1.57,61.2
Rebecca Goodsall,rgoodsallql@indiegogo.com,27/12/1997,2.04,97.5
Hilary Nisot,hnisotqm@digg.com,7/10/1995,1.7,57.6
Chrissie Wikey,cwikeyqn@qq.com,16/10/1998,1.96,87.4
Georgine Horsley,ghorsleyqo@samsung.com,10/4/1997,2.15,60.9
Ardra Powlesland,apowleslandqp@blogtalkradio.com,9/6/1995,1.72,73.9
Giacopo Fruish,gfruishqq@alibaba.com,21/4/2000,1.76,67.8
Melodee Neem,mneemqr@nytimes.com,8/6/1999,1.75,62.9
Marijn Fitzharris,mfitzharrisqs@hhs.gov,11/10/1998,1.72,92.5
Verile Pond-Jones,vpondjonesqt@va.gov,2/11/1995,1.54,85.9
Kirsteni Rhead,krheadqu@cloudflare.com,25/1/1999,1.53,85.1
Davidde Flagg,dflaggqv@4shared.com,6/2/1997,1.78,45.9
Mariele Gettens,mgettensqw@flickr.com,19/1/1998,1.45,48.9
Josepha Ansett,jansettqx@merriam-webster.com,25/11/1999,1.65,73.7
Allan Merrison,amerrisonqy@tiny.cc,31/10/1999,1.73,61.5
Ralph Burnhill,rburnhillqz@ucla.edu,13/8/1999,2.04,116.7
Jermaine Lewin,jlewinr0@nymag.com,22/8/1997,1.86,99.1
Etheline Hannam,ehannamr1@businesswire.com,24/7/1997,1.44,79.7
Noami Goodliff,ngoodliffr2@behance.net,2/11/1999,1.85,61.3
Lalo Greenhalf,lgreenhalfr3@china.com.cn,17/11/1998,1.94,100.0
Tamera O'Fallon,tofallonr4@vkontakte.ru,14/11/1997,1.35,69.7
Odele Widdows,owiddowsr5@stumbleupon.com,26/5/1997,1.73,57.8
Jamil Jirousek,jjirousekr6@fc2.com,29/2/2000,1.41,94.1
Winifield Auchterlonie,wauchterlonier7@yandex.ru,15/11/1998,1.82,101.7
Marlyn Lorman,mlormanr8@freewebs.com,14/7/1996,1.84,44.7
Haydon Berrane,hberraner9@prweb.com,22/11/1999,1.71,61.0
Lucia Issacson,lissacsonra@4shared.com,12/11/1998,1.86,114.7
Lutero Lynnitt,llynnittrb@wikispaces.com,9/12/1996,1.9,81.0
Luce McNern,lmcnernrc@google.cn,21/10/1999,1.42,89.3
Winn Roantree,wroantreerd@hostgator.com,23/11/1995,1.71,17.9
Cobby Huffy,chuffyre@answers.com,14/7/1997,1.76,64.6
Benedict Dorkin,bdorkinrf@chron.com,17/5/1995,1.43,99.8
Bobbie Vinsen,bvinsenrg@foxnews.com,23/9/1996,1.85,67.2
Anetta Jackson,ajacksonrh@privacy.gov.au,8/2/1998,1.51,76.7
Amalia Willard,awillardri@businessweek.com,23/4/2000,1.92,52.6
Robinet Parratt,rparrattrj@cafepress.com,15/11/1997,1.57,87.8
Hendrika Cordeau,hcordeaurk@mtv.com,3/1/1997,1.75,80.4
Olga Darcey,odarceyrl@pen.io,20/9/1996,1.68,60.6
Bondie MacMeekan,bmacmeekanrm@princeton.edu,22/9/1997,1.67,89.2
Seth Kolodziej,skolodziejrn@diigo.com,6/6/1998,1.44,57.4
Urbanus Koubu,ukouburo@tumblr.com,10/9/1999,1.29,72.5
Marnia Trudgion,mtrudgionrp@ihg.com,5/9/1999,1.54,46.0
Cirilo Kinglake,ckinglakerq@google.fr,16/12/1995,1.67,67.8
Simona Colebourn,scolebournrr@pagesperso-orange.fr,13/11/1996,1.34,87.5
